region_economy,ano,number,gdp_per_capita_constant_2010_us,gdp_growth_annual_percent,foreign_direct_investment_net_inflows_percent_of_gdp,gdp_per_capita_growth_annual_percent,foreign_direct_investment_net_outflows_percent_of_gdp,final_consumption_expenditure_annual_percent_growth,gross_fixed_capital_formation_private_sector_percent_of_gdp,index_ef,manufacturing_value_added_percent_of_gdp,inflation_consumer_prices_annual_percent,regio
South Africa,2000,40,8.689064683670875,4.20000347551795,0.710488510732756,2.74209071761899,0.203267804937967,3.84143366418439,12.9522235513418,63.7,17.4732966721757,5.33895158255483,1
South Africa,2001,39,8.702373632014925,2.69999456713741,5.98310118469122,1.33979066059516,-2.89243517264718,3.40300722895532,13.0102548023981,63.8,17.5721506790652,5.70190483482843,1
South Africa,2002,14,8.726070066156359,3.70038235175596,1.28141170810473,2.39794255113945,-0.348332327225615,3.51184312560076,12.6790797402373,64,17.6967217491672,9.49470667101602,1
South Africa,2003,19,8.742895983447895,2.9490791374903,0.446850318767049,1.6968270323922101,0.315276362089189,3.52291661326292,13.3162262420367,67.1,17.2961140955493,5.67941806432656,1
South Africa,2004,26,8.77525699662491,4.55455274472709,0.30684716022208,3.28903250223969,0.571076674282217,5.98967570522211,13.8069771363442,66.3,16.7934537116109,-0.692030138335916,1
South Africa,2005,25,8.814304785761252,5.2770563116366,2.53017402699663,3.98201745708991,0.352796994161146,5.88860575257964,14.6576430498263,62.9,16.2583101825587,2.06285222531756,1
South Africa,2006,44,8.856192931770217,5.60379765712011,0.229456347005662,4.27778333648354,2.18260550199066,7.81569050973141,16.1227030553441,63.7,14.6661411329781,3.24390167452648,1
South Africa,2007,47,8.895495376651976,5.36047589053663,2.19988348624742,4.00850044713503,0.995977974776562,5.92144440147094,17.3510620042076,63.5,14.3631530095729,6.17781206971621,1
South Africa,2008,41,8.913565990913465,3.19104674115678,3.44701566338236,1.82348757549786,-0.739123349393755,2.2910128195097,19.8558248556497,63.4,14.4232973120597,10.055282028471,1
South Africa,2009,22,8.88415024978826,-1.53808933379921,2.57639403685893,-2.89873093688664,0.443101713435053,-0.827717633549156,18.2330499502129,63.8,13.624481940856,7.26456214502708,1
South Africa,2010,29,8.89954191332469,3.03973081360166,0.983955560867284,1.55107252579849,-0.0429714869729234,3.68538432788566,16.4929266499811,62.8,13.0530535392233,4.0635389730329,1
South Africa,2011,64,8.916602689912567,3.2841681423114,0.994020533608261,1.72071428259082,-0.0368374996619015,4.53548136629445,16.3747994368474,62.7,11.9951683992303,5.01715773281268,1
South Africa,2012,23,8.922663775060084,2.21335480848441,1.16720853252625,0.607949069116557,0.731423274098468,3.651235757574,16.334927815411,62.7,11.7174050000851,5.72394366197183,1
South Africa,2013,30,8.931154474869958,2.4852005003106,2.24423642960341,0.852684803699063,1.77735850145573,2.2616985149146,17.322308898379,61.8,11.6009215329972,5.77640413513801,1
South Africa,2014,44,8.933624210724982,1.84699160365717,1.6504940168635,0.247278816490265,2.1920708450923,1.04368257060194,17.2294900154086,62.5,12.0463086139306,6.13602015113351,1
South Africa,2015,54,8.93020158776319,1.19373280124428,0.478917398636715,-0.341677246440881,1.73632635495323,1.24772033330896,16.8079628947397,62.6,12.021677657928,4.50920827795706,1
South Africa,2016,19,8.919536232482171,0.399087929556359,0.747512259560364,-1.06086820384171,1.5152244933236,0.982575647711627,16.1673388299312,61.9,12.0261707799388,6.59460441456991,1
South Africa,2017,33,8.919504842448738,1.41451262585058,0.588915939706811,-0.00313895407710163,2.13106444135121,1.59226112873915,15.6041188942962,62.3,12.0113357912265,5.18108223263743,1
South Africa,2018,25,8.913767614015711,0.787055570495099,1.5122534914178,-0.572080196712221,1.09342450263511,1.82996434836961,15.1992891112434,63,11.7551676799211,4.50457749331605,1
China,2000,109,7.47751013639897,8.49150849150864,3.47508224574174,7.6400016553426,0.380733224786637,11.1291889660234,NA,56.4,NA,0.347806256807194,2
China,2001,76,7.550349748619072,8.33991054985535,3.51300212008009,7.55580167175542,0.723908540503188,6.69503281460429,NA,52.6,NA,0.719132436811498,2
China,2002,122,7.631025318099026,9.13064594463313,3.60909988460748,8.40191506145082,0.427326486972596,8.44531402867932,NA,52.8,NA,-0.731975500083577,2
China,2003,137,7.720430500049228,10.0356030262573,3.48740330983945,9.35236426173533,0.509314281525144,5.9473319543709,NA,52.6,NA,1.12760196090496,2
China,2004,177,7.810811963208354,10.1112234580385,3.4836411137418,9.45917505031488,0.407733343159789,7.48914009398915,NA,52.5,31.9750699703028,3.82463762400933,2
China,2005,237,7.912849936156698,11.3957759412304,4.55425403392961,10.7425523141704,0.600602412693315,11.0415094433182,NA,53.7,32.0939243287291,1.77641616843146,2
China,2006,245,8.02699825218579,12.7194790206909,4.50857901572192,12.0918362716474,0.869587666522311,9.54525701667069,NA,53.6,32.4523280566387,1.6494331013998,2
China,2007,256,8.154831458441805,14.2313880356883,4.40096521655138,13.6363448575165,0.483187187231308,11.8527703405719,NA,52,32.3833559601662,4.81676531343752,2
China,2008,265,8.241869996001274,9.65428937259918,3.7336350391518,9.0938721024024,1.23505630985388,8.01227224348067,NA,53.1,32.1194128890512,5.9252552887092,2
China,2009,141,8.326735178234035,9.39981317141508,2.56888861303946,8.85702981880388,0.860300773661424,10.0518898638738,NA,53.2,31.5962420559989,-0.728171334173071,2
China,2010,164,8.422982198369231,10.6361404632299,4.00356247084093,10.103100723313,0.952062312514959,9.04930277063534,NA,51,31.6128182912327,3.17532798075574,2
China,2011,149,8.509409917889213,9.55091409001014,3.7088287540918,9.02725594457161,0.641205566188055,11.3656538582433,NA,52,32.064789906632,5.55389705904324,2
China,2012,117,8.580198057011373,7.8596274932851,2.82709031155136,7.33538000995731,0.761388066314095,8.16014507253371,NA,51.2,31.5285751420402,2.61952616488542,2
China,2013,138,8.650077252407904,7.76861528412806,3.03987562075228,7.23786251543072,0.762463802714658,6.88583639810774,NA,51.9,30.6710096005958,2.62104902701091,2
China,2014,192,8.715468116635337,7.29951892117124,2.56834250428071,6.75762201999564,1.17956804544221,6.77331744925178,NA,52.5,30.5046340088878,1.92164341593894,2
China,2015,144,8.777160114956395,6.90531667019702,2.20133810817813,6.36346930007561,1.58313296143366,7.87735356897994,NA,52.7,29.5076086064448,1.4370245139476,2
China,2016,124,8.836939966176164,6.73667525262536,1.56895705699954,6.16028102541586,1.94312728018715,8.48318007826212,NA,52,28.9556344559798,2.00000000000002,2
China,2017,112,8.896733861899213,6.75700761091511,1.36767713330467,6.16177200430054,1.13882212864568,7.25136194818394,NA,57.4,29.3029716688661,1.59313725490194,2
China,2018,100,8.955778329154324,6.56697385961871,1.72958864934452,6.08224115521752,1.05103601213865,9.2801827100556,NA,57.8,29.4143736126299,2.07478890229193,2
Argentina,2000,92,9.01482570677808,-0.78899893905691,3.66579059535379,-1.87491241541325,0.317035999467937,-0.464965084483026,NA,70,16.4942719439838,NA,3
Argentina,2001,40,8.958815076444363,-4.40883968258557,0.806164134759348,-5.44709154527357,0.0598729562211523,-5.15724588356802,NA,68.6,16.093225876383,NA,3
Argentina,2002,9,8.832630607972234,-10.8944848285903,2.19895819502207,-11.8547768361233,-0.641746114274746,-12.8305929153493,NA,65.7,20.347773913878,NA,3
Argentina,2003,9,8.906592206557706,8.83704079576924,1.29481086883944,7.6765455385672,0.606472572254758,6.96915875248416,NA,56.3,22.4867505875749,NA,3
Argentina,2004,4,8.982487286842465,9.02957330068155,2.5050175164097,7.88493756497286,0.410542023782955,8.3491268867478,NA,53.9,18.9370136214371,NA,3
Argentina,2005,5,9.056940326353601,8.85165992013435,2.64935441452167,7.72947520461582,0.659695664726798,7.75540355124546,NA,51.7,18.340415936715,NA,3
Argentina,2006,42,9.12418344347599,8.04715150043027,2.38106854489628,6.95554738176538,1.04865387216475,9.86980399502954,NA,53.4,17.8777938558849,NA,3
Argentina,2007,51,9.200442739731209,9.00765087504757,2.25129423568361,7.92423813871991,0.523155949452163,9.12487825917493,NA,54,17.0474154518997,NA,3
Argentina,2008,48,9.230287688519299,4.05723310346406,2.68990096507093,3.02947731150856,0.384705758443082,6.93227733152048,NA,54.2,16.5383660984547,NA,3
Argentina,2009,13,9.159283216552641,-5.91852507634947,1.20643922647566,-6.85422733296183,0.213692689034262,-3.87974975988486,NA,52.3,15.5837772738051,NA,3
Argentina,2010,43,9.248210599784063,10.1253981561002,2.67516171886537,9.30012832232192,0.227738014604063,10.320842492329,NA,51.2,15.8448608064195,NA,3
Argentina,2011,48,9.294986194533328,6.00395169280579,2.04464008003071,4.78868313859434,0.280668249144006,8.67438748069445,NA,51.7,15.8506983942663,NA,3
Argentina,2012,19,9.273299892847826,-1.02642045443208,2.80667189982932,-2.14528444981811,0.193202129776027,1.37438159330902,NA,48,15.2168009115954,NA,3
Argentina,2013,8,9.285877316160553,2.40532378079436,1.77920553648531,1.26568517537076,0.161219624584565,3.8769263216905,NA,46.7,15.0110542553443,NA,3
Argentina,2014,12,9.249435500988952,-2.51261532081396,0.962406650325519,-3.57858050983292,0.364900179293756,-3.311805496047,NA,44.6,14.7727785491821,NA,3
Argentina,2015,8,9.26560077878449,2.73115982828946,1.97713461784426,1.62966427946265,0.147160030086657,4.15806851197405,NA,44.1,14.1815854549835,NA,3
Argentina,2016,10,9.234006247700735,-2.08032784377811,0.584749931723909,-3.11006389821465,0.320435945124207,-0.740187841017615,NA,43.8,13.4880259708051,NA,3
Argentina,2017,20,9.249970954335142,2.66859037935303,1.79196134499023,1.60928234377617,0.179809810735695,3.78613839955241,NA,50.4,12.8526557470863,NA,3
Argentina,2018,31,9.214681789578426,-2.48179244509274,2.28380594250566,-3.46737624314432,0.346666550890868,-2.5187531867424,NA,52.3,12.6909925865594,34.2772237131008,3
Bolivia,2000,8,7.378643927808147,2.50780755336397,8.76825043369255,0.544926184712779,0.033341619086493,2.27348170911559,12.8215298453111,65,13.2411066356404,4.60822998872598,9
Bolivia,2001,-1,7.376284078208495,1.68380093902091,8.66858332428431,-0.235706734357976,0.0316893444429144,1.47932276772431,8.55204840082121,68,13.3447710775211,1.58965377879568,9
Bolivia,2002,0,7.382065046713339,2.4855648471145,8.55789343094918,0.579771054946548,0.0328885568551709,2.23341539515276,10.1241665634452,65.1,13.0354223800508,0.928258851611061,9
Bolivia,2003,2,7.390344170493948,2.71134070709702,2.44235447439327,0.831349050253706,0.0343958735502193,2.11231206962894,7.49106174905135,64.3,12.784447851236,3.33727499671533,9
Bolivia,2004,-2,7.413068816083195,4.17329431803543,0.745772609767832,2.2984817380683,0.0319144628969881,2.94268419593031,5.1036672117543,64.5,12.5074553565844,4.43738080101724,9
Bolivia,2005,1,7.438491048352542,4.42143476697063,-2.49888003083514,2.57481330640607,0.0314166461005172,3.33301557606225,6.12498417210355,58.4,11.6269452083892,5.39323106890664,9
Bolivia,2006,1,7.467829846397044,4.79700917087203,2.45168236697263,2.97734206021694,0.0261965968773418,3.96154132872788,6.1783675564083,57.8,11.3316031191812,4.28239604802565,9
Bolivia,2007,3,7.495263319579787,4.56438275234794,2.79183786661419,2.78132356894432,0.0228655344530355,4.11484183175548,6.71299088657941,54.2,11.4149163906573,8.70560923578869,9
Bolivia,2008,2,7.5380213977188735,6.14849719501387,3.07260183830872,4.36853739987981,0.0179917331934399,5.268962136993,7.45578537098238,53.1,11.1684734598218,14.0068107702519,9
Bolivia,2009,-1,7.554379132921839,3.35700125894111,2.43967814961289,1.64922554346305,0.0173010458794409,3.69287860679279,6.97363344431825,53.6,11.6167256423393,3.34645420142012,9
Bolivia,2010,-1,7.578381535276166,4.12671936920815,3.16544354080881,2.42927786018541,-0.146594917427829,3.85534728186173,7.12200563973738,49.4,11.2700220297912,2.5032760584424,9
Bolivia,2011,1,7.612888995319527,5.20409594656597,3.58444212518589,3.51097503109318,0.00114662747656448,5.47570055072164,8.42945651404687,50,10.3384637589044,9.88446419823887,9
Bolivia,2012,1,7.646842956494008,5.12227466098376,3.91355013777649,3.4536976764347602,0,4.64351569463896,7.83163910715224,50.2,10.2142083318199,4.51560291399368,9
Bolivia,2013,2,7.696847368670795,6.79601170559745,5.70662213788455,5.12757347801841,0,6.38475520822033,7.74879441595883,47.9,9.92781130691531,5.73640023719613,9
Bolivia,2014,3,7.73456461784389,5.46056715368503,1.98982484931523,3.84375722818145,-0.100354183413055,5.60167547839157,8.57111714785631,48.4,9.73832788473659,5.7666007457914,9
Bolivia,2015,0,7.766864501736855,4.85718801458208,1.68072787887629,3.28271871061374,-0.00541424261152561,5.75996815963127,7.8551358964339,46.8,10.1911907997571,4.05961041135646,9
Bolivia,2016,0,7.793818360097649,4.2639195041269,0.988080149462259,2.73203994226454,0.261824077419329,3.13059755366079,7.72763288565283,47.4,10.9842214139234,3.62321431764138,9
Bolivia,2017,0,7.820421977712457,4.19520936722277,1.89949327646139,2.69606529621936,0.212466002386411,4.7605243352221,7.50122019153922,47.7,10.4935083402564,2.8227580554717,9
Bolivia,2018,2,7.847571627284945,4.22362493214148,0.750524784174743,2.7521559420484,-0.209655585637026,4.42296896249796,6.87769460143357,44.1,10.3431518652951,2.27205987230148,9
Brazil,2000,158,9.082865178265164,4.38794944267383,5.0341286817021,2.91182644263147,0.38098677806877,3.01036912544549,NA,61.1,13.1346595913847,7.04414105947266,4
Brazil,2001,75,9.082998866712632,1.38989640325894,4.15212683312315,0.0133697384164577,-0.266207866151343,1.2081735661779,NA,61.9,13.0895379357967,6.84035902487525,4
Brazil,2002,29,9.09994913960511,3.05346185795254,3.26531989954919,1.70947438880017,0.487930518496018,1.91856042247616,NA,61.5,12.3569626659174,8.4501643770833,4
Brazil,2003,31,9.09871901839502,1.14082899810009,1.813120630893,-0.122936492113425,0.0409781187207275,-0.0219258848461692,NA,63.4,14.4507645634139,14.7149197228147,4
Brazil,2004,33,9.142707932877412,5.75996463871775,2.71638106510044,4.49707707823583,1.41730957134644,3.9116982713924,NA,62,15.0995301566951,6.59718509985962,4
Brazil,2005,37,9.162768442645675,3.20213137990235,1.73390066852418,2.02630740411568,0.32641233365536,3.82282450854414,NA,61.7,14.7382811350657,6.86953720898965,4
Brazil,2006,65,9.190721627395737,3.96198872184989,1.74949333731882,2.8347540947357,2.59997482171271,4.86383132042532,NA,60.9,14.108945871671,4.18356812896902,4
Brazil,2007,132,9.239270854678283,6.06987060771837,3.19089484217804,4.97470467428765,1.22120408770607,5.82001509598769,NA,56.2,14.1542648083642,3.64127299102654,4
Brazil,2008,124,9.279014599953978,5.09419544732717,2.99066328727668,4.05440956846654,1.53997724538948,5.41640399803345,NA,56.2,13.9551768991778,5.67859390284171,4
Brazil,2009,47,9.26813620523604,-0.125811999414864,1.8884558245792,-1.08194389571234,-0.273054593881951,4.10952269418314,NA,56.7,13.0594621514999,4.88803479876804,4
Brazil,2010,114,9.331339830837198,7.52822583005563,3.72995568872158,6.52437280430098,1.21161456535862,5.70534447609205,NA,55.6,12.7218338756004,5.03872690108066,4
Brazil,2011,129,9.36115497762734,3.97442540583816,3.91511319474609,3.02640687298958,0.614139247989717,4.19079342814794,NA,56.3,11.7838003592466,6.63644962213085,4
Brazil,2012,195,9.371248959303339,1.92115031836302,3.75502209852013,1.01450977525141,0.084507310638377,3.21165652978803,NA,57.9,10.6759423107278,5.40349914037009,4
Brazil,2013,148,9.392118780030987,3.00484630505706,3.04152449114105,2.10891183467072,0.632621317051395,3.01374074944005,NA,57.7,10.4796310464045,6.204310666401,4
Brazil,2014,150,9.388587761137938,0.503955740242247,3.57142571130486,-0.352479217688355,0.839043458991178,1.91991001461582,NA,56.9,10.3370973946319,6.32904015516142,4
Brazil,2015,182,9.344097756136623,-3.54576339269425,3.59214478752915,-4.35148398862317,0.173895912461512,-2.81184852496922,NA,56.6,10.5209207732029,9.02990102416129,4
Brazil,2016,166,9.30255250883732,-3.27591690782192,4.1373620835702,-4.0694071643008,0.81825920454706,-2.93914114630346,NA,56.5,10.7864511156539,8.73914352329393,4
Brazil,2017,138,9.307622992718397,1.32286905404399,3.3393463192874,0.508336053889494,1.03452548948609,1.38489534689958,NA,52.9,10.7169802951976,3.44637335032672,4
Brazil,2018,106,9.312870757344081,1.31722399870793,4.14549439380117,0.526155826049262,0.107376736594267,1.65974132818198,NA,51.4,9.78245770208027,3.66485028376724,4
Chile,2000,30,9.150588557543202,5.32693841912362,6.24191816512269,4.09428735354267,5.12021245975739,3.78398998754064,NA,74.7,16.8798348842822,3.8432729570657,13
Chile,2001,27,9.171823388533214,3.3030473125087,5.91683227386182,2.14618943830904,2.2678694853507,2.12072098692298,NA,75.1,17.5316535103538,3.56910053001465,13
Chile,2002,6,9.19163207144772,3.10697053227061,3.65649517082385,2.00061767493953,0.492069371072643,2.16694254739222,NA,77.8,17.5828833432457,2.48939816650703,13
Chile,2003,-1,9.221247477492502,4.09104768470421,5.32299532741499,3.00583035674246,2.25944326250044,3.81162199883669,NA,76,17.0316298217138,2.81017875743615,13
Chile,2004,19,9.280486097997905,7.20953970945035,6.85135140239301,6.10283936667567,2.16166409181977,7.85451060377835,NA,76.9,15.952256902446,1.05473871403516,13
Chile,2005,11,9.325905835032726,5.74283048945117,6.06857120800826,4.64670086980279,1.73638880878353,7.36734624619216,NA,77.8,14.2911916111574,3.05257621387848,13
Chile,2006,15,9.37660323965898,6.31717634314714,4.9010189252585,5.20045134165797,1.42899772552804,7.26669109925176,NA,78,12.8876533425822,3.39201733699404,13
Chile,2007,32,9.413805950600398,4.90532450356156,7.76169195899375,3.79033938890592,2.79457925392071,7.07574501123302,NA,77.7,11.9556940155753,4.40779938398046,13
Chile,2008,36,9.437778276253407,3.52953055326518,10.283487668176,2.42619717171779,5.09431265588095,3.46536886874549,NA,78.6,11.1448762445778,8.7162687303961,13
Chile,2009,34,9.411419445588772,-1.5642394429907,8.03710561832576,-2.601446897912,4.19566101100409,0.75082188599869,NA,78.3,11.2356503176306,0.353045178360941,13
Chile,2010,25,9.457827955049389,5.84417729578996,7.33040295464986,4.75022381395627,4.3291005810546,9.39769016117424,NA,77.2,10.7725217139258,1.41071107954318,13
Chile,2011,35,9.507168328970744,6.11091882913644,9.57360086065511,5.05778792023305,8.02845920223369,7.18041990585114,NA,77.4,11.0115307337692,3.34121694259299,13
Chile,2012,36,9.549357875999084,5.31862800041417,11.3403308233878,4.30921750358573,7.69539483245355,5.65395389402323,NA,78.3,10.8054644162,3.00744840213049,13
Chile,2013,30,9.579222708015156,4.04500429818519,7.48061656407276,3.03152589046083,3.55204582290644,4.28833279014398,NA,79,11.1155364846498,1.78955553984587,13
Chile,2014,28,9.586124400316367,1.76673978360542,9.11034929211946,0.692556386599065,4.91295337445784,2.855166336984,NA,78.7,11.3188913960118,4.71867527854671,13
Chile,2015,39,9.597123135316064,2.30376703610749,8.63221436612524,1.10594434534089,6.53129370229613,2.5763253957019,NA,78.5,11.6611915777558,4.3487735321705,13
Chile,2016,33,9.600438520542333,1.67054017329502,4.84769381582623,0.332088719456664,2.793997614324,3.41244752561651,NA,77.7,10.9801551520184,3.78619355893115,13
Chile,2017,16,9.598897379101787,1.2791833414782,2.10702351209237,-0.153995449190788,1.86202501012244,3.22645651301909,NA,76.5,10.4849530538475,2.18271846868523,13
Chile,2018,31,9.624445006495474,4.02465296525456,2.03943200885398,2.58767649434913,0.653400070168174,3.70302820704349,NA,75.2,10.6467646967059,2.43488981353058,13
Colombia,2000,18,8.488341176731478,2.92486148314592,2.43922655930173,1.28736794818924,0.325715963690265,1.40778156110355,NA,63.3,13.9327006536198,9.22257080235504,5
Colombia,2001,6,8.489308306147326,1.67789830769955,2.58822658457427,0.0967597236302424,0.0164129556355356,1.67493899504238,NA,65.6,14.1371966473471,7.96970293133976,5
Colombia,2002,4,8.498770556599487,2.50398046550686,2.17806523001415,0.950715907776441,0.874582646329747,1.51142857142371,NA,64.2,14.0329280173486,6.35192507425155,5
Colombia,2003,4,8.522427897371871,3.91827190359832,1.81790827569731,2.39393954882721,0.990779258773779,2.73338077947665,NA,64.2,14.2374561677284,7.1307416862268,5
Colombia,2004,9,8.560212896737738,5.33302206745236,2.66108247569192,3.85079290108337,0.164371869333257,4.3291415689378,NA,61.2,14.4134103625529,5.90126181451809,5
Colombia,2005,14,8.592706996664901,4.70655600893191,7.05011111197025,3.302779818674,3.30313152131467,4.27330220410254,NA,59.6,16.0397466535987,5.05142028722872,5
Colombia,2006,14,8.645414510280544,6.77940534221133,4.1879926412783,5.41212839028201,0.786495653243831,6.19432255067672,NA,60.4,16.0218611883369,4.29245011787705,5
Colombia,2007,31,8.69931275163318,6.8486547845695,4.31962624360983,5.53772029341457,0.621659572482282,6.73933016900199,NA,59.9,16.1911398499998,5.54514128187459,5
Colombia,2008,34,8.719602490164647,3.25704846539303,4.37057176891023,2.04969744910947,1.27636920015873,4.17906873409831,NA,62.2,15.4044634404696,6.99855040288351,5
Colombia,2009,22,8.720459780702088,1.20542209549299,3.45589485343242,0.0857658116008224,1.50741777474947,1.56696371227345,NA,62.3,14.7748422190295,4.2010447688327,5
Colombia,2010,39,8.752510258870009,4.34755326848266,2.24743409863955,3.25696262126047,1.91631907089728,5.15959794660266,NA,65.5,13.9893257100015,2.27118326422564,5
Colombia,2011,42,8.813859983059553,7.36253091447171,4.37938891639192,6.32707006560985,2.51748356442602,6.57006792034711,NA,68,13.2366820815098,3.41758959146978,5
Colombia,2012,35,8.843127989253084,3.90305421927597,4.05855480044245,2.97005236159309,-0.163584440071189,5.21128969311148,NA,68,13.1016827807294,3.16732560328694,5
Colombia,2013,26,8.878701646749604,4.56686977279675,4.24504522947294,3.62139702440898,2.00386276307815,4.82584938574948,NA,69.6,12.6701074353544,2.01809847891195,5
Colombia,2014,30,8.914802232441462,4.72831224597601,4.24250654263701,3.67601244808095,1.02304565901092,4.63385579359958,NA,70.7,12.2693186420816,2.89781874427855,5
Colombia,2015,24,8.93226078175417,2.95594590662741,3.99477553061049,1.76118405663533,1.4371375600974,3.40463428982096,NA,71.7,12.4008937581087,4.99023427513779,5
Colombia,2016,21,8.939319126764756,2.08738250162794,4.89624405592123,0.708331383936113,1.5972250551051,1.62637775831429,NA,70.8,12.297778837716,7.51429322788323,5
Colombia,2017,16,8.937708025681037,1.35132667631581,4.43782731692061,-0.160980395706162,1.18334954881877,2.35956194455741,NA,69.7,11.4158536134772,4.3121410323773,5
Colombia,2018,33,8.947903028145415,2.56922098807335,3.48443528450487,1.02471485612077,1.54851640407705,3.9557887559311,NA,68.9,11.215355476899,3.24023413752975,5
Paraguay,2000,2,8.180419479329158,-2.31414056819048,1.21729436901028,-4.27497756307527,0.111792340011148,-1.85079089416793,NA,64,15.6778275044955,8.98215976750022,11
Paraguay,2001,1,8.152466232605235,-0.834054716746095,1.16763488895181,-2.75661697942127,0.347230133307241,3.19354164135603,NA,60.3,16.2068181252178,7.26806028584821,11
Paraguay,2002,1,8.133362157802095,-0.0214043949985694,1.25620797120523,-1.89227484924943,1.17422094653587,-2.65335100469218,NA,59.6,16.3934935668139,10.5102420856612,11
Paraguay,2003,-2,8.157565618784506,4.32074548551591,-0.750191694990596,2.44987422073626,-1.0739312652725,6.2109792997433,NA,58.2,17.5145642129531,14.2367970499143,11
Paraguay,2004,2,8.180166083559834,4.05741836363771,0.976461922292792,2.28577901807645,0.688871188755063,4.82003594810206,NA,56.7,17.9348637783179,4.32326492967491,11
Paraguay,2005,0,8.18508413059891,2.13349066459601,0.067986029076693,0.493016048243362,-0.262630961638732,2.19888144589994,NA,53.4,17.9590523871282,6.80738203116371,11
Paraguay,2006,1,8.216850758548608,4.80711719268376,1.39842122336644,3.22765726924936,0.548050064109533,4.06821456009358,NA,55.6,18.3216271525742,9.5893494112923,11
Paraguay,2007,2,8.25533973208971,5.42162287218237,0.588028727263447,3.9239269165724,-0.544906620597461,4.61980103963582,NA,58.3,18.1933950444455,8.13047417698579,11
Paraguay,2008,6,8.303270283145148,6.35912079325512,1.37462392042056,4.90977940598893,0.305215204152861,6.7919319585054,NA,60,20.3671200768916,10.1547846489023,11
Paraguay,2009,-1,8.28718369182678,-0.257971433685171,0.12046054835657,-1.59578931373859,-0.198784746167725,1.70859336152643,NA,61,19.8052782587388,2.5919467343056,11
Paraguay,2010,2,8.379294547916821,11.1437357938518,2.04124280067875,9.64863675351553,0.343838579922952,8.73864481598365,NA,61.3,18.5664734518646,4.6511627906976996,11
Paraguay,2011,2,8.407244149943597,4.24911104462905,1.37620281479983,2.83438566692755,-0.347756711573103,5.27536830625796,NA,62.3,18.4160242404066,8.25396825396825,11
Paraguay,2012,4,8.38811902348533,-0.538512942503061,2.18471591917756,-1.89434015750554,0.0903247701668928,3.22439058879039,NA,61.8,18.5153261168878,3.6759189797449,11
Paraguay,2013,4,8.4552100614516,8.41749528470305,0.810067192091113,6.93928290915227,0.174211342375762,4.01285524451058,NA,61.1,18.2766233884472,2.68385738718593,11
Paraguay,2014,2,8.48905851697642,4.86089037055322,1.36478978035673,3.44278330262561,0.342129749774595,6.19606372483752,NA,62,18.8147575547989,5.02882767456758,11
Paraguay,2015,1,8.505968760740132,3.08037400793089,1.32858146325759,1.7054031286379,0.476548597355561,3.7976798661719,NA,61.1,19.4419248607494,3.12900274473924,11
Paraguay,2016,2,8.534956882687924,4.31290497002365,1.36672397795565,2.94123669886739,0.18701815545128,3.23478384045168,NA,61.5,19.0798869205601,4.08682280577242,11
Paraguay,2017,3,8.570274286855474,4.95805142159847,1.54662286580132,3.59484709836791,0.197761341242049,4.18969797550636,NA,62.4,19.4468999829635,3.60247741348942,11
Paraguay,2018,1,8.593502318629186,3.67662323135605,0.955420153946894,2.34999034373892,-0.232437713570048,4.17077999388273,NA,62.1,19.5653506001843,3.97561015740689,11
Peru,2000,9,8.084124328330036,2.69437139806912,1.56479019339424,1.21313585431875,0,2.6103623475007,15.5135560182519,68.7,15.2145262038719,3.75733833344472,7
Peru,2001,7,8.077541074538598,0.617892325624297,2.19922450158059,-0.656163165022917,0.142993989930257,0.731757938743442,14.7446679121445,69.6,15.5812564716453,1.97709878502054,7
Peru,2002,1,8.119447021678349,5.45352893818767,3.93562084538868,4.2796396154646,0,4.14731351806392,13.7909917951539,64.8,15.4989075774167,0.193135003853741,7
Peru,2003,5,8.150293835322238,4.16502313666112,2.27308642513175,3.13275064826341,0.102160646383181,2.71148693715591,13.9191629513989,64.6,15.3985817546504,2.25937753363073,7
Peru,2004,16,8.18952203446368,4.95820320611745,2.39489207548148,4.00077854568278,0,3.49841231405914,13.9127382806502,64.7,16.3726500976156,3.66247320092233,7
Peru,2005,6,8.241756740971852,6.28506032509601,3.39034816926813,5.36230056716857,0,4.44998617521321,14.047912454287,61.3,16.5516113723285,1.61630193862543,7
Peru,2006,10,8.30591596496919,7.5288990440594,3.91065680458788,6.62621597694209,0,6.4219062600223,14.6408011823434,60.5,16.4721932263299,2.00225801248819,7
Peru,2007,31,8.37947911269074,8.5183877690955,5.37428655925626,7.63365027236871,0.0641835590356999,7.9827028681859,16.4091800571173,62.7,16.5180344893382,1.77998644680372,7
Peru,2008,32,8.458758089094209,9.1265683014642,5.74335697642786,8.25062736566287,0.6103657975377,8.29759900770799,18.8960617375304,63.8,16.2965420065264,5.78587598206755,7
Peru,2009,23,8.46162466100974,1.0958236592427,5.32237544034606,0.287068446150258,0.339929521545956,4.36207157495161,16.4544997430916,64.6,15.2930541321031,2.93623153596701,7
Peru,2010,28,8.533529967949752,8.33245910749577,5.73082661489074,7.45535864787972,0.295718597050296,8.30031159974132,17.6755825559522,67.6,15.5564992898,1.52832059732903,7
Peru,2011,26,8.586761535335274,6.32719240161117,4.47262658184166,5.4673844908754,0.199458596195134,7.22842294218131,18.6295711437927,68.6,15.0914598699078,3.36931095333853,7
Peru,2012,17,8.638096352664139,6.13972470560435,7.07114242412465,5.26752882141093,0.911467060725145,7.55927569738597,19.7468762976477,68.7,15.164396582771,3.65570906781008,7
Peru,2013,21,8.685958200084821,5.85251821084928,4.8842945848551,4.90257197041394,0.24471775499921,6.0015940655575,19.6174819153868,68.2,14.831406515612,2.80671650937615,7
Peru,2014,16,8.69893073849124,2.38215737180541,1.95724657032336,1.30570468169185,0.551215066575321,4.56916354852464,18.8610994647753,67.4,13.9596976357841,3.24496304244158,7
Peru,2015,17,8.718373664712134,3.25224477218451,4.38026059211907,1.9633170881576,0.0996175944947251,4.63731765385302,17.6616767259636,67.7,13.7880201715375,3.54928804947929,7
Peru,2016,9,8.742313811785506,3.95331871520767,3.51182610944865,2.42290129520384,0.60239001146661,3.96998030430925,16.1891586430085,67.4,13.3440281131691,3.59211324147449,7
Peru,2017,20,8.750570825437665,2.51883544233135,3.25130733746818,0.829119680820753,0.236991634985509,2.74240303098119,15.8083922853418,68.9,12.9708469176106,2.80283916977831,7
Peru,2018,21,8.77238727687629,3.97693571755005,2.92188842040055,2.20561703131051,0.0086293626100639,3.53512968642755,16.0295050652737,68.7,12.9401882503189,1.31764765937395,7
Uruguay,2000,1,9.105174287169708,-1.92993063972195,1.15156664010556,-2.27627549762025,-0.0218356225915726,-2.34948940987822,10.6604824349551,69.3,12.5186630960032,4.76382472733248,12
Uruguay,2001,1,9.064247964204995,-3.84412996680351,1.48526757627519,-4.01001500823385,0.0946065077431113,-3.8891374129213,10.197894190295,70.7,12.674394351029,4.35934065217274,12
Uruguay,2002,2,8.983604598367807,-7.73200721167176,1.32181133417201,-7.74773641273698,-0.00114427793448607,-8.88660126260746,9.42178534555008,68.7,13.0801299139821,13.9724725913516,12
Uruguay,2003,2,8.992338601273136,0.805283917375888,3.34326500752044,0.877225559396706,0.0115093736971326,-3.12301711083784,9.27798711776136,69.8,14.8709094403736,19.3797301743994,12
Uruguay,2004,1,9.041828117078133,5.00416036509026,2.57711736584849,5.07345760508846,0.278091017047994,2.9460520393862,11.1071440494473,66.7,14.902608425443301,9.15760507540996,12
Uruguay,2005,2,9.11367940043394,7.46013211187753,4.76089085852439,7.44955368106734,0.0891913012979002,5.24059739506659,13.1702921733921,66.9,14.8524671078795,4.6992773903564,12
Uruguay,2006,0,9.152764963224085,4.09857734684471,7.70373863902151,3.9859453120032,0.0706216275738276,5.85704153906865,14.5625766067689,65.3,14.5433907697238,6.39764974385121,12
Uruguay,2007,7,9.214222336682827,6.5415108494737,5.80394391549488,6.33851671309895,0.506868273133895,6.77269556196222,14.3836351019521,68.4,13.7351440754306,8.11464561179318,12
Uruguay,2008,5,9.280986262291423,7.17614466103376,7.05379143851894,6.90430746895328,0.083542753289926,9.12164662394908,15.709182650041,67.9,14.9468828395667,7.87707374730889,12
Uruguay,2009,3,9.319718876958257,4.24349419543073,5.061736216851,3.94925014388133,0.285557151363051,2.66563547096685,13.6945935363532,69.1,14.818600707258,7.06221874388572,12
Uruguay,2010,6,9.391996426258583,7.80340965525524,5.4389876115696,7.49536552987674,-0.391500368914053,8.57137396324248,14.6396406212905,69.8,13.5283236155428,6.69870886978135,12
Uruguay,2011,6,9.439458326545186,5.1621330218269,5.60875183951133,4.8606248762658,0.373616402722478,6.71768019211126,15.4974761266667,70,12.7334043113447,8.09283206302989,12
Uruguay,2012,11,9.471252822520484,3.53817872240019,11.7896717689344,3.23053406033031,7.54628673866465,5.05531928759595,18.3126363334581,69.9,12.1731568256382,8.09776580573602,12
Uruguay,2013,9,9.513492693842373,4.63753862983931,1.3172301606358,4.314466923353,-3.53541254666253,5.45344555789575,17.6302522511657,69.7,11.2662277822177,8.57513504005394,12
Uruguay,2014,9,9.542128524709844,3.23879122851962,6.69239135036418,2.90497780659831,2.30375618513085,2.90762944737966,16.5661922497273,69.3,12.1433021774416,8.87735333229828,12
Uruguay,2015,3,9.542430884917907,0.370741256342626,4.54334479040529,0.0302405923519444,3.01334919365044,-0.164814524423491,15.2235124065732,68.6,13.2426613300655,8.66626987079337,12
Uruguay,2016,5,9.555640942327496,1.68979816160051,-0.397247959559126,1.32976956950385,1.71853723836198,0.437529938582131,14.2258155711005,68.8,12.8180677589399,9.63941347635073,12
Uruguay,2017,5,9.577576280480304,2.59133869196179,4.69580173932532,2.21776864360908,8.65376586110749,3.93824330907182,12.6219330486019,69.7,11.7037756625666,6.21809382561863,12
Uruguay,2018,12,9.589972257386558,1.62008362892931,1.96643552435059,1.24731254757138,3.82560426490894,1.42333740609166,12.5014885218141,69.2,11.652010020131,7.60653360377044,12
Mexico,2000,59,9.13280771648783,4.94245371467422,2.59670994264157,3.44098587862088,0,6.44575934515865,18.5499038183167,59.3,18.9878518498964,9.49156149435404,6
Mexico,2001,43,9.114716007886807,-0.404390126692846,3.97248183338379,-1.7929036125865,0.581990264461585,1.64359988063912,16.9750791877104,60.6,18.0518957738262,6.36773806235032,6
Mexico,2002,36,9.100587344064998,-0.0398444814685348,3.11551958010871,-1.40293226540929,0.11537205562636,1.48093424565224,15.624933817373,63,17.2675847902619,5.03072733151299,6
Mexico,2003,34,9.101309706251515,1.44638268370363,2.49864343929278,0.07226231529134,0.17186364015909,1.85776295696147,15.6324302769664,65.3,16.6089869782365,4.54690012118717,6
Mexico,2004,29,9.125951907664016,3.92059081028791,3.18521616377124,2.49483298450697,0.566565630543216,6.68383315578622,16.2333302019201,66,16.6589751162367,4.68840884843147,6
Mexico,2005,27,9.134609480462613,2.30780706591736,2.96511280795953,0.869515796913007,0.737797296752144,3.86301143366691,16.2124138385097,65.2,15.7266043383479,3.98805714597435,6
Mexico,2006,70,9.164017187230872,4.49507789421408,2.1322824622884,2.98443834192925,0.547210177010372,0,16.9699272821348,64.7,16.6599614768607,3.62946762439129,6
Mexico,2007,76,9.17181240634502,2.29144571429802,3.1424694558042,0.782568093541329,0.979121210125968,2.41090799397095,17.3395821152186,66,15.9208624812093,3.96684905458234,6
Mexico,2008,49,9.16822966610427,1.14358458719398,2.90835311265937,-0.357632988476567,0.287732304828314,1.0246099772591,17.5757831234895,66.2,15.8421985501957,5.12498274575897,6
Mexico,2009,29,9.099156430135535,-5.28574413681748,2.1282454983163,-6.67416705024689,1.24036038894548,-4.91535650271959,16.1646633819436,65.8,15.0962102628175,5.29735584228859,6
Mexico,2010,57,9.134689481408474,5.11811814321162,1.96598663216022,3.61718943622142,0.759836595828918,3.38570933349136,15.9721175131277,68.3,15.5616793495315,4.15672722680176,6
Mexico,2011,36,9.156716699638613,3.66300792950094,2.09094538393794,2.22716085156813,1.05098745879894,3.30975118161652,17.1394884531069,67.8,15.351284303746,3.40737824605736,6
Mexico,2012,37,9.178939387605439,3.64232267941347,1.4612220990711,2.24714512087824,1.55631155692579,2.4982396104807,18.268557598706,65.3,16.3467248038826,4.11150981070293,6
Mexico,2013,34,9.179233838417511,1.35409196151679,3.69383977625564,0.0294494166966928,1.1266567141516,1.56633760859258,16.8435700582786,67,15.831823954908,3.80639069747207,6
Mexico,2014,33,9.194114460071983,2.80434012838097,2.31233339177378,1.49918893305392,0.522904306776606,2.17954113389669,16.8788932860288,66.8,15.8991770877474,4.01861608078673,6
Mexico,2015,40,9.214053618376647,3.28799159933094,3.04578248770259,2.0139271135847,0.936663386057004,2.58877406412559,18.8794317405478,66.4,17.1411607594018,2.7206406496403,6
Mexico,2016,40,9.230711048998945,2.91054645900421,3.49611511581774,1.67969391612471,0.665836439267584,3.56940692509313,19.3848758066574,65.2,16.9750518529559,2.82170784747653,6
Mexico,2017,47,9.240030998990305,2.11808234719885,2.84847053749375,0.936351596433013,0.235977062961499,2.81277710316907,19.0505896021585,63.6,17.2587936487827,6.04145724018992,6
Mexico,2018,46,9.249901450001365,2.13595812119722,3.16575262740965,0.991932458168463,0.951143322307711,2.41154924543663,18.9984022736387,64.8,17.3223648103972,4.89935015356549,6
Russian Federation,2000,51,8.778185136543568,10.0000668157438,1.03116111575235,10.4636649566001,1.22399147492262,5.5998875101065,15.1197793410831,51.8,NA,20.7987606558703,8
Russian Federation,2001,20,8.832169226113376,5.10005122514623,0.928663004211825,5.54678090745912,0.828774572480039,6.79993342210388,16.7882547825578,49.8,NA,21.4770072117159,8
Russian Federation,2002,49,8.882698693771587,4.69999190886617,1.00553594478556,5.1827857802142,1.02256200083099,7.00003428639111,15.4651705830756,48.7,15.1934447901759,15.7887307914462,8
Russian Federation,2003,29,8.957693911884745,7.2999523445574,1.84237738388135,7.78789965769219,2.25955626154746,6.09988784828931,15.954177032379,50.8,14.3673346861413,13.6632930228667,8
Russian Federation,2004,48,9.03124562584722,7.19994786981057,2.60618528059526,7.63241962217791,2.33191722262168,9.39995881666553,16.1048291670567,52.8,15.2165071846405,10.8886157326216,8
Russian Federation,2005,68,9.0970954289917,6.39996544796635,2.02980402372802,6.80662849206082,2.34021592094742,9.09998945947166,14.0236547291572,51.3,15.6802236672942,12.6853039507349,8
Russian Federation,2006,109,9.179180427301779,8.20006825495356,3.79771796044009,8.5548075660211,3.02982368146351,9.50009431314724,14.8087512682035,52.4,15.2912276564068,9.66865454789265,8
Russian Federation,2007,145,9.262470449817519,8.4999777684714,4.29894838602817,8.68569758376066,3.44702787450358,11.1999260536825,16.5938488753528,52.2,15.1146322629236,9.00729868861076,8
Russian Federation,2008,224,9.313602694591335,5.19996926508021,4.50269877799769,5.24620666884826,3.35146046104868,8.60003589409352,20.1810192979156,49.8,14.9331548589743,14.1107677840442,8
Russian Federation,2009,225,9.232091564509737,-7.79999391345694,2.99212947973039,-7.82775490492955,3.53991104608579,-3.89991963232657,21.7765593885868,50.8,12.897971424446,11.6473295764118,8
Russian Federation,2010,365,9.275659576028257,4.50000000001451,2.83082730005737,4.45310320379377,3.45043394733733,3.4999339293569,19.8389261763308,50.3,12.8154704732836,6.8493923025503,8
Russian Federation,2011,229,9.316981360887562,4.30002918578838,2.68483001555517,4.21874117240107,3.25837290598995,5.2999961523259,18.605131610467,50.5,11.5766719276768,8.44046485932559,8
Russian Federation,2012,176,9.351630824421505,3.7000570551393,2.28876372872774,3.52567499455975,2.20890242669763,6.49994685074024,18.9907329335491,50.5,11.7990325219946,5.0747430079915,8
Russian Federation,2013,125,9.367341507976853,1.800000140189,3.01327957445415,1.58347451904446,3.76585582210152,4.10000113066997,20.0891692989382,51.1,11.3209329460037,6.75371026220953,8
Russian Federation,2014,136,9.35647298846304,0.699973678046774,1.06949074873957,-1.08096705489345,2.77100092086486,0.899999652435753,NA,51.9,11.4757935133541,7.82341183865503,8
Russian Federation,2015,135,9.330968963927763,-2.30770688863852,0.502566610195209,-2.51815442334114,1.61962167729085,-7.89075143650429,NA,52.1,12.4776505521481,15.5344050528404,8
Russian Federation,2016,101,9.332423813116755,0.32928065807927,2.53670337619609,0.145590799547634,1.73960509570249,-1.04245081524587,NA,50.6,12.0106688927282,7.04244762954798,8
Russian Federation,2017,82,9.347461817229295,1.63018573156532,1.80900828214657,1.51516438199477,2.32842137134936,3.09758298609867,NA,57.1,12.2176244264015,3.68332944412231,8
Russian Federation,2018,50,9.369827283082591,2.25480434572114,0.529988559659577,2.26174479438679,1.89296202414514,1.79092262139879,NA,58.2,12.3065855664739,2.87829723647886,8
