region_economy,ano,number,GDP per capita (constant 2010 US$),GDP growth (annual %),"Foreign direct investment, net inflows (% of GDP)",GDP per capita growth (annual %),"Foreign direct investment, net outflows (% of GDP)",Final consumption expenditure (annual % growth),"Gross fixed capital formation, private sector (% of GDP)",index_ef,"Manufacturing, value added (% of GDP)","Inflation, consumer prices (annual %)"
South Africa,2000,40,5937.6260860986,4.20000347551795,0.710488510732756,2.74209071761899,0.203267804937967,3.84143366418439,12.9522235513418,63.7,17.4732966721757,5.33895158255483
South Africa,2001,39,6017.17784586121,2.69999456713741,5.98310118469122,1.33979066059516,-2.89243517264718,3.40300722895532,13.0102548023981,63.8,17.5721506790652,5.70190483482843
South Africa,2002,14,6161.46631380485,3.70038235175596,1.28141170810473,2.39794255113945,-0.348332327225615,3.51184312560076,12.6790797402373,64.0,17.6967217491672,9.49470667101602
South Africa,2003,19,6266.01573980923,2.9490791374903,0.446850318767049,1.6968270323922101,0.315276362089189,3.52291661326292,13.3162262420367,67.1,17.2961140955493,5.67941806432656
South Africa,2004,26,6472.10703408701,4.55455274472709,0.30684716022208,3.28903250223969,0.571076674282217,5.98967570522211,13.8069771363442,66.3,16.7934537116109,-0.692030138335916
South Africa,2005,25,6729.8274660259,5.2770563116366,2.53017402699663,3.98201745708991,0.352796994161146,5.88860575257964,14.6576430498263,62.9,16.2583101825587,2.06285222531756
South Africa,2006,44,7017.71490394165,5.60379765712011,0.229456347005662,4.27778333648354,2.18260550199066,7.81569050973141,16.1227030553441,63.7,14.6661411329781,3.24390167452648
South Africa,2007,47,7299.02003724481,5.36047589053663,2.19988348624742,4.00850044713503,0.995977974776562,5.92144440147094,17.3510620042076,63.5,14.3631530095729,6.17781206971621
South Africa,2008,41,7432.11676075707,3.19104674115678,3.44701566338236,1.82348757549786,-0.739123349393755,2.2910128195097,19.8558248556497,63.4,14.4232973120597,10.055282028471
South Africa,2009,22,7216.67969294747,-1.53808933379921,2.57639403685893,-2.89873093688664,0.443101713435053,-0.827717633549156,18.2330499502129,63.8,13.624481940856,7.26456214502708
South Africa,2010,29,7328.61562893966,3.03973081360166,0.983955560867284,1.55107252579849,-0.0429714869729234,3.68538432788566,16.4929266499811,62.8,13.0530535392233,4.0635389730329
South Africa,2011,64,7454.72016478301,3.2841681423114,0.994020533608261,1.72071428259082,-0.0368374996619015,4.53548136629445,16.3747994368474,62.7,11.9951683992303,5.01715773281268
South Africa,2012,23,7500.04106663005,2.21335480848441,1.16720853252625,0.607949069116557,0.731423274098468,3.651235757574,16.334927815411,62.7,11.7174050000851,5.72394366197183
South Africa,2013,30,7563.99277707639,2.4852005003106,2.24423642960341,0.852684803699063,1.77735850145573,2.2616985149146,17.322308898379,61.8,11.6009215329972,5.77640413513801
South Africa,2014,44,7582.69692889496,1.84699160365717,1.6504940168635,0.247278816490265,2.1920708450923,1.04368257060194,17.2294900154086,62.5,12.0463086139306,6.13602015113351
South Africa,2015,54,7556.78857882235,1.19373280124428,0.478917398636715,-0.341677246440881,1.73632635495323,1.24772033330896,16.8079628947397,62.6,12.021677657928,4.50920827795706
South Africa,2016,19,7476.62101155809,0.399087929556359,0.747512259560364,-1.06086820384171,1.5152244933236,0.982575647711627,16.1673388299312,61.9,12.0261707799388,6.59460441456991
South Africa,2017,33,7476.38632385801,1.41451262585058,0.588915939706811,-0.00313895407710163,2.13106444135121,1.59226112873915,15.6041188942962,62.3,12.0113357912265,5.18108223263743
South Africa,2018,25,7433.61539826952,0.787055570495099,1.5122534914178,-0.572080196712221,1.09342450263511,1.82996434836961,15.1992891112434,63.0,11.7551676799211,4.50457749331605
China,2000,109,1767.83362700858,8.49150849150864,3.47508224574174,7.6400016553426,0.380733224786637,11.1291889660234,NA,56.4,NA,0.347806256807194
China,2001,76,1901.40762975195,8.33991054985535,3.51300212008009,7.55580167175542,0.723908540503188,6.69503281460429,NA,52.6,NA,0.719132436811498
China,2002,122,2061.16228377566,9.13064594463313,3.60909988460748,8.40191506145082,0.427326486972596,8.44531402867932,NA,52.8,NA,-0.731975500083577
China,2003,137,2253.92968857986,10.0356030262573,3.48740330983945,9.35236426173533,0.509314281525144,5.9473319543709,NA,52.6,NA,1.12760196090496
China,2004,177,2467.13284333364,10.1112234580385,3.4836411137418,9.45917505031488,0.407733343159789,7.48914009398915,NA,52.5,31.9750699703028,3.82463762400933
China,2005,237,2732.16587968884,11.3957759412304,4.55425403392961,10.7425523141704,0.600602412693315,11.0415094433182,NA,53.7,32.0939243287291,1.77641616843146
China,2006,245,3062.53490453063,12.7194790206909,4.50857901572192,12.0918362716474,0.869587666522311,9.54525701667069,NA,53.6,32.4523280566387,1.6494331013998
China,2007,256,3480.15272549424,14.2313880356883,4.40096521655138,13.6363448575165,0.483187187231308,11.8527703405719,NA,52.0,32.3833559601662,4.81676531343752
China,2008,265,3796.63336331896,9.65428937259918,3.7336350391518,9.0938721024024,1.23505630985388,8.01227224348067,NA,53.1,32.1194128890512,5.9252552887092
China,2009,141,4132.90231241877,9.39981317141508,2.56888861303946,8.85702981880388,0.860300773661424,10.0518898638738,NA,53.2,31.5962420559989,-0.728171334173071
China,2010,164,4550.45359583857,10.6361404632299,4.00356247084093,10.103100723313,0.952062312514959,9.04930277063534,NA,51.0,31.6128182912327,3.17532798075574
China,2011,149,4961.23468857388,9.55091409001014,3.7088287540918,9.02725594457161,0.641205566188055,11.3656538582433,NA,52.0,32.064789906632,5.55389705904324
China,2012,117,5325.1601061666,7.8596274932851,2.82709031155136,7.33538000995731,0.761388066314095,8.16014507253371,NA,51.2,31.5285751420402,2.61952616488542
China,2013,138,5710.5878733775,7.76861528412806,3.03987562075228,7.23786251543072,0.762463802714658,6.88583639810774,NA,51.9,30.6710096005958,2.62104902701091
China,2014,192,6096.48781698006,7.29951892117124,2.56834250428071,6.75762201999564,1.17956804544221,6.77331744925178,NA,52.5,30.5046340088878,1.92164341593894
China,2015,144,6484.43594759644,6.90531667019702,2.20133810817813,6.36346930007561,1.58313296143366,7.87735356897994,NA,52.7,29.5076086064448,1.4370245139476
China,2016,124,6883.89542488146,6.73667525262536,1.56895705699954,6.16028102541586,1.94312728018715,8.48318007826212,NA,52.0,28.9556344559798,2.00000000000002
China,2017,112,7308.06536597714,6.75700761091511,1.36767713330467,6.16177200430054,1.13882212864568,7.25136194818394,NA,57.4,29.3029716688661,1.59313725490194
China,2018,100,7752.5595253168,6.56697385961871,1.72958864934452,6.08224115521752,1.05103601213865,9.2801827100556,NA,57.8,29.4143736126299,2.07478890229193
India,2000,86,826.592493112359,3.84099115681285,0.765212648995792,2.02108869495849,0.108782767313431,3.10612387283675,19.1405652256787,47.4,15.927023018209,4.00943591045191
India,2001,73,851.616569294484,4.82396626390644,1.05637830509657,3.02737762448122,0.217149393387037,5.38102007132144,22.8726238624782,49.0,15.3070212831531,3.77929312235636
India,2002,32,869.201387421835,3.80397532137577,1.01157180543964,2.06487505778787,0.244897684760387,2.39895532738252,21.4329468477438,51.2,15.5587017264204,4.29715203929568
India,2003,54,922.167960042853,7.86038147553259,0.605889254716748,6.09370548499972,0.203693878690632,5.45159784663835,21.3283917842883,51.2,15.5873866487019,3.80585899528853
India,2004,72,979.283847700059,7.92293661286503,0.765601404573582,6.19365344839693,0.259051931309042,4.99589300191256,23.5556627511255,51.5,15.8272457405027,3.76725173477511
India,2005,104,1040.31231291865,7.92343062149763,0.886100720125194,6.23194851645125,0.321893491360046,7.6540710019555,25.2188274270561,54.2,15.9730170447011,4.24634362031928
India,2006,141,1106.9264701603,8.06073257303272,2.13016842533494,6.4032845150854,1.49286739751,4.80628859934215,25.5025002660386,52.2,17.3036533311112,5.79652337561632
India,2007,157,1173.87530979278,7.66081506504928,2.07339574616693,6.04817406008833,1.39932735975241,7.5938011295774,27.5280395600256,53.9,16.8645677754413,6.3728813559322
India,2008,144,1192.51173233371,3.08669805953289,3.62052189719656,1.58759813631464,1.60618885689524,5.47634323580559,25.9026395288506,54.1,17.0986741489578,8.34926704907584
India,2009,114,1268.24921034763,7.86188883303498,2.65159312683012,6.35108871136214,1.19947421141301,6.43843742370743,25.3215989559546,54.4,17.1435776668942,10.8823529411765
India,2010,122,1357.56371913262,8.49758470158106,1.63503427378005,7.04234688705345,0.952969273361073,6.46889957249854,25.1992056214181,53.8,17.0299342494918,11.9893899204244
India,2011,134,1410.426304742,5.2413447428854,2.00206502742547,3.89393034480594,0.691587822954213,7.27413811240261,26.9732509977014,54.6,16.1393381271841,8.85836096636663
India,2012,133,1469.17761007839,5.45635895072287,1.31293433730695,4.16549983071508,0.467994117573545,4.66984218011974,26.4173280798844,54.6,15.8169230072072,9.31244560487382
India,2013,142,1544.61924724913,6.38610640094825,1.51627596536499,5.13495690740315,0.0950572398365903,6.23725464045475,24.2014102954407,55.2,15.253022692764,10.9076433121019
India,2014,125,1640.18070024053,7.41022760508852,1.69565878566846,6.18673198340534,0.573111845183108,6.5724831072874,23.0824440088575,55.7,15.0655701110797,6.35319454414936
India,2015,139,1751.66443439956,7.99625378571471,2.09211575768566,6.79703974950297,0.357212358308358,7.85745272369695,21.2777966641717,54.6,15.5838545863713,5.87242659466756
India,2016,128,1874.22856135458,8.16952650547138,1.94105610153909,6.99700950410826,0.2203642125153,7.83721010554042,21.3886703724788,56.2,15.1999015149793,4.94102645839974
India,2017,134,1987.34115123471,7.16788886086535,1.50687902653162,6.03515452770493,0.418142338371875,8.55133180334013,21.4879166459398,52.6,14.870364015667,2.49088699878493
India,2018,126,2100.80078047205,6.81136932613997,1.54915773804552,5.70911688548563,0.419967417348678,8.261178909047,NA,54.5,14.8247971265985,4.86069946650859
Argentina,2000,92,8224.11282651363,-0.78899893905691,3.66579059535379,-1.87491241541325,0.317035999467937,-0.464965084483026,NA,70.0,16.4942719439838,NA
Argentina,2001,40,7776.13787206685,-4.40883968258557,0.806164134759348,-5.44709154527357,0.0598729562211523,-5.15724588356802,NA,68.6,16.093225876383,NA
Argentina,2002,9,6854.29408086406,-10.8944848285903,2.19895819502207,-11.8547768361233,-0.641746114274746,-12.8305929153493,NA,65.7,20.347773913878,NA
Argentina,2003,9,7380.4670873289,8.83704079576924,1.29481086883944,7.6765455385672,0.606472572254758,6.96915875248416,NA,56.3,22.4867505875749,NA
Argentina,2004,4,7962.41230916816,9.02957330068155,2.5050175164097,7.88493756497286,0.410542023782955,8.3491268867478,NA,53.9,18.9370136214371,NA
Argentina,2005,5,8577.86499429459,8.85165992013435,2.64935441452167,7.72947520461582,0.659695664726798,7.75540355124546,NA,51.7,18.340415936715,NA
Argentina,2006,42,9174.50245831661,8.04715150043027,2.38106854489628,6.95554738176538,1.04865387216475,9.86980399502954,NA,53.4,17.8777938558849,NA
Argentina,2007,51,9901.51188115634,9.00765087504757,2.25129423568361,7.92423813871991,0.523155949452163,9.12487825917493,NA,54.0,17.0474154518997,NA
Argentina,2008,48,10201.4759370923,4.05723310346406,2.68990096507093,3.02947731150856,0.384705758443082,6.93227733152048,NA,54.2,16.5383660984547,NA
Argentina,2009,13,9502.24358504659,-5.91852507634947,1.20643922647566,-6.85422733296183,0.213692689034262,-3.87974975988486,NA,52.3,15.5837772738051,NA
Argentina,2010,43,10385.9644319555,10.1253981561002,2.67516171886537,9.30012832232192,0.227738014604063,10.320842492329,NA,51.2,15.8448608064195,NA
Argentina,2011,48,10883.315359489,6.00395169280579,2.04464008003071,4.78868313859434,0.280668249144006,8.67438748069445,NA,51.7,15.8506983942663,NA
Argentina,2012,19,10649.8372874572,-1.02642045443208,2.80667189982932,-2.14528444981811,0.193202129776027,1.37438159330902,NA,48.0,15.2168009115954,NA
Argentina,2013,8,10784.6306992057,2.40532378079436,1.77920553648531,1.26568517537076,0.161219624584565,3.8769263216905,NA,46.7,15.0110542553443,NA
Argentina,2014,12,10398.6940069464,-2.51261532081396,0.962406650325519,-3.57858050983292,0.364900179293756,-3.311805496047,NA,44.6,14.7727785491821,NA
Argentina,2015,8,10568.1578087083,2.73115982828946,1.97713461784426,1.62966427946265,0.147160030086657,4.15806851197405,NA,44.1,14.1815854549835,NA
Argentina,2016,10,10239.4813479933,-2.08032784377811,0.584749931723909,-3.11006389821465,0.320435945124207,-0.740187841017615,NA,43.8,13.4880259708051,NA
Argentina,2017,20,10404.2635134208,2.66859037935303,1.79196134499023,1.60928234377617,0.179809810735695,3.78613839955241,NA,50.4,12.8526557470863,NA
Argentina,2018,31,10043.5085520823,-2.48179244509274,2.28380594250566,-3.46737624314432,0.346666550890868,-2.5187531867424,NA,52.3,12.6909925865594,34.2772237131008
Bolivia,2000,8,1601.41665812106,2.50780755336397,8.76825043369255,0.544926184712779,0.033341619086493,2.27348170911559,12.8215298453111,65.0,13.2411066356404,4.60822998872598
Bolivia,2001,-1,1597.64201121273,1.68380093902091,8.66858332428431,-0.235706734357976,0.0316893444429144,1.47932276772431,8.55204840082121,68.0,13.3447710775211,1.58965377879568
Bolivia,2002,0,1606.90467715541,2.4855648471145,8.55789343094918,0.579771054946548,0.0328885568551709,2.23341539515276,10.1241665634452,65.1,13.0354223800508,0.928258851611061
Bolivia,2003,2,1620.26366392743,2.71134070709702,2.44235447439327,0.831349050253706,0.0343958735502193,2.11231206962894,7.49106174905135,64.3,12.784447851236,3.33727499671533
Bolivia,2004,-2,1657.50512835135,4.17329431803543,0.745772609767832,2.2984817380683,0.0319144628969881,2.94268419593031,5.1036672117543,64.5,12.5074553565844,4.43738080101724
Bolivia,2005,1,1700.18279095051,4.42143476697063,-2.49888003083514,2.57481330640607,0.0314166461005172,3.33301557606225,6.12498417210355,58.4,11.6269452083892,5.39323106890664
Bolivia,2006,1,1750.80304828605,4.79700917087203,2.45168236697263,2.97734206021694,0.0261965968773418,3.96154132872788,6.1783675564083,57.8,11.3316031191812,4.28239604802565
Bolivia,2007,3,1799.49854611382,4.56438275234794,2.79183786661419,2.78132356894432,0.0228655344530355,4.11484183175548,6.71299088657941,54.2,11.4149163906573,8.70560923578869
Bolivia,2008,2,1878.1103131111,6.14849719501387,3.07260183830872,4.36853739987981,0.0179917331934399,5.268962136993,7.45578537098238,53.1,11.1684734598218,14.0068107702519
Bolivia,2009,-1,1909.08458812934,3.35700125894111,2.43967814961289,1.64922554346305,0.0173010458794409,3.69287860679279,6.97363344431825,53.6,11.6167256423393,3.34645420142012
Bolivia,2010,-1,1955.46155736098,4.12671936920815,3.16544354080881,2.42927786018541,-0.146594917427829,3.85534728186173,7.12200563973738,49.4,11.2700220297912,2.5032760584424
Bolivia,2011,1,2024.11732438255,5.20409594656597,3.58444212518589,3.51097503109318,0.00114662747656448,5.47570055072164,8.42945651404687,50.0,10.3384637589044,9.88446419823887
Bolivia,2012,1,2094.02421738306,5.12227466098376,3.91355013777649,3.4536976764347602,0,4.64351569463896,7.83163910715224,50.2,10.2142083318199,4.51560291399368
Bolivia,2013,2,2201.39684777688,6.79601170559745,5.70662213788455,5.12757347801841,0,6.38475520822033,7.74879441595883,47.9,9.92781130691531,5.73640023719613
Bolivia,2014,3,2286.01319823426,5.46056715368503,1.98982484931523,3.84375722818145,-0.100354183413055,5.60167547839157,8.57111714785631,48.4,9.73832788473659,5.7666007457914
Bolivia,2015,0,2361.05658121979,4.85718801458208,1.68072787887629,3.28271871061374,-0.00541424261152561,5.75996815963127,7.8551358964339,46.8,10.1911907997571,4.05961041135646
Bolivia,2016,0,2425.56159007818,4.2639195041269,0.988080149462259,2.73203994226454,0.261824077419329,3.13059755366079,7.72763288565283,47.4,10.9842214139234,3.62321431764138
Bolivia,2017,0,2490.95631434671,4.19520936722277,1.89949327646139,2.69606529621936,0.212466002386411,4.7605243352221,7.50122019153922,47.7,10.4935083402564,2.8227580554717
Bolivia,2018,2,2559.51131656583,4.22362493214148,0.750524784174743,2.7521559420484,-0.209655585637026,4.42296896249796,6.87769460143357,44.1,10.3431518652951,2.27205987230148
Brazil,2000,158,8803.15252917931,4.38794944267383,5.0341286817021,2.91182644263147,0.38098677806877,3.01036912544549,NA,61.1,13.1346595913847,7.04414105947266
Brazil,2001,75,8804.32948764487,1.38989640325894,4.15212683312315,0.0133697384164577,-0.266207866151343,1.2081735661779,NA,61.9,13.0895379357967,6.84035902487525
Brazil,2002,29,8954.83724534174,3.05346185795254,3.26531989954919,1.70947438880017,0.487930518496018,1.91856042247616,NA,61.5,12.3569626659174,8.4501643770833
Brazil,2003,31,8943.82848255785,1.14082899810009,1.813120630893,-0.122936492113425,0.0409781187207275,-0.0219258848461692,NA,63.4,14.4507645634139,14.7149197228147
Brazil,2004,33,9346.03934316368,5.75996463871775,2.71638106510044,4.49707707823583,1.41730957134644,3.9116982713924,NA,62.0,15.0995301566951,6.59718509985962
Brazil,2005,37,9535.41883036578,3.20213137990235,1.73390066852418,2.02630740411568,0.32641233365536,3.82282450854414,NA,61.7,14.7382811350657,6.86953720898965
Brazil,2006,65,9805.72450610977,3.96198872184989,1.74949333731882,2.8347540947357,2.59997482171271,4.86383132042532,NA,60.9,14.108945871671,4.18356812896902
Brazil,2007,132,10293.530341463,6.06987060771837,3.19089484217804,4.97470467428765,1.22120408770607,5.82001509598769,NA,56.2,14.1542648083642,3.64127299102654
Brazil,2008,124,10710.8722205603,5.09419544732717,2.99066328727668,4.05440956846654,1.53997724538948,5.41640399803345,NA,56.2,13.9551768991778,5.67859390284171
Brazil,2009,47,10594.9865923924,-0.125811999414864,1.8884558245792,-1.08194389571234,-0.273054593881951,4.10952269418314,NA,56.7,13.0594621514999,4.88803479876804
Brazil,2010,114,11286.2430162457,7.52822583005563,3.72995568872158,6.52437280430098,1.21161456535862,5.70534447609205,NA,55.6,12.7218338756004,5.03872690108066
Brazil,2011,129,11627.8106505917,3.97442540583816,3.91511319474609,3.02640687298958,0.614139247989717,4.19079342814794,NA,56.3,11.7838003592466,6.63644962213085
Brazil,2012,195,11745.7759262897,1.92115031836302,3.75502209852013,1.01450977525141,0.084507310638377,3.21165652978803,NA,57.9,10.6759423107278,5.40349914037009
Brazil,2013,148,11993.4839848731,3.00484630505706,3.04152449114105,2.10891183467072,0.632621317051395,3.01374074944005,NA,57.7,10.4796310464045,6.204310666401
Brazil,2014,150,11951.2094463497,0.503955740242247,3.57142571130486,-0.352479217688355,0.839043458991178,1.91991001461582,NA,56.9,10.3370973946319,6.32904015516142
Brazil,2015,182,11431.1544808449,-3.54576339269425,3.59214478752915,-4.35148398862317,0.173895912461512,-2.81184852496922,NA,56.6,10.5209207732029,9.02990102416129
Brazil,2016,166,10965.9742614391,-3.27591690782192,4.1373620835702,-4.0694071643008,0.81825920454706,-2.93914114630346,NA,56.5,10.7864511156539,8.73914352329393
Brazil,2017,138,11021.7182622703,1.32286905404399,3.3393463192874,0.508336053889494,1.03452548948609,1.38489534689958,NA,52.9,10.7169802951976,3.44637335032672
Brazil,2018,106,11079.709675038,1.31722399870793,4.14549439380117,0.526155826049262,0.107376736594267,1.65974132818198,NA,51.4,9.78245770208027,3.66485028376724
Chile,2000,30,9419.98294955914,5.32693841912362,6.24191816512269,4.09428735354267,5.12021245975739,3.78398998754064,NA,74.7,16.8798348842822,3.8432729570657
Chile,2001,27,9622.15362871309,3.3030473125087,5.91683227386182,2.14618943830904,2.2678694853507,2.12072098692298,NA,75.1,17.5316535103538,3.56910053001465
Chile,2002,6,9814.65613491896,3.10697053227061,3.65649517082385,2.00061767493953,0.492069371072643,2.16694254739222,NA,77.8,17.5828833432457,2.48939816650703
Chile,2003,-1,10109.6680484322,4.09104768470421,5.32299532741499,3.00583035674246,2.25944326250044,3.81162199883669,NA,76.0,17.0316298217138,2.81017875743615
Chile,2004,19,10726.6448499322,7.20953970945035,6.85135140239301,6.10283936667567,2.16166409181977,7.85451060377835,NA,76.9,15.952256902446,1.05473871403516
Chile,2005,11,11225.0799494747,5.74283048945117,6.06857120800826,4.64670086980279,1.73638880878353,7.36734624619216,NA,77.8,14.2911916111574,3.05257621387848
Chile,2006,15,11808.8347703093,6.31717634314714,4.9010189252585,5.20045134165797,1.42899772552804,7.26669109925176,NA,78.0,12.8876533425822,3.39201733699404
Chile,2007,32,12256.4296859791,4.90532450356156,7.76169195899375,3.79033938890592,2.79457925392071,7.07574501123302,NA,77.7,11.9556940155753,4.40779938398046
Chile,2008,36,12553.7948363739,3.52953055326518,10.283487668176,2.42619717171779,5.09431265588095,3.46536886874549,NA,78.6,11.1448762445778,8.7162687303961
Chile,2009,34,12227.2145300329,-1.5642394429907,8.03710561832576,-2.601446897912,4.19566101100409,0.75082188599869,NA,78.3,11.2356503176306,0.353045178360941
Chile,2010,25,12808.034586422,5.84417729578996,7.33040295464986,4.75022381395627,4.3291005810546,9.39769016117424,NA,77.2,10.7725217139258,1.41071107954318
Chile,2011,35,13455.8378125533,6.11091882913644,9.57360086065511,5.05778792023305,8.02845920223369,7.18041990585114,NA,77.4,11.0115307337692,3.34121694259299
Chile,2012,36,14035.679130826,5.31862800041417,11.3403308233878,4.30921750358573,7.69539483245355,5.65395389402323,NA,78.3,10.8054644162,3.00744840213049
Chile,2013,30,14461.174377579,4.04500429818519,7.48061656407276,3.03152589046083,3.55204582290644,4.28833279014398,NA,79.0,11.1155364846498,1.78955553984587
Chile,2014,28,14561.3261643081,1.76673978360542,9.11034929211946,0.692556386599065,4.91295337445784,2.855166336984,NA,78.7,11.3188913960118,4.71867527854671
Chile,2015,39,14722.3663276289,2.30376703610749,8.63221436612524,1.10594434534089,6.53129370229613,2.5763253957019,NA,78.5,11.6611915777558,4.3487735321705
Chile,2016,33,14771.2576454401,1.67054017329502,4.84769381582623,0.332088719456664,2.793997614324,3.41244752561651,NA,77.7,10.9801551520184,3.78619355893115
Chile,2017,16,14748.5105808779,1.2791833414782,2.10702351209237,-0.153995449190788,1.86202501012244,3.22645651301909,NA,76.5,10.4849530538475,2.18271846868523
Chile,2018,31,15130.1543224458,4.02465296525456,2.03943200885398,2.58767649434913,0.653400070168174,3.70302820704349,NA,75.2,10.6467646967059,2.43488981353058
Colombia,2000,18,4857.80115237848,2.92486148314592,2.43922655930173,1.28736794818924,0.325715963690265,1.40778156110355,NA,63.3,13.9327006536198,9.22257080235504
Colombia,2001,6,4862.50154734803,1.67789830769955,2.58822658457427,0.0967597236302424,0.0164129556355356,1.67493899504238,NA,65.6,14.1371966473471,7.96970293133976
Colombia,2002,4,4908.73012307454,2.50398046550686,2.17806523001415,0.950715907776441,0.874582646329747,1.51142857142371,NA,64.2,14.0329280173486,6.35192507425155
Colombia,2003,4,5026.24215483602,3.91827190359832,1.81790827569731,2.39393954882721,0.990779258773779,2.73338077947665,NA,64.2,14.2374561677284,7.1307416862268
Colombia,2004,9,5219.7923309257,5.33302206745236,2.66108247569192,3.85079290108337,0.164371869333257,4.3291415689378,NA,61.2,14.4134103625529,5.90126181451809
Colombia,2005,14,5392.19057860821,4.70655600893191,7.05011111197025,3.302779818674,3.30313152131467,4.27330220410254,NA,59.6,16.0397466535987,5.05142028722872
Colombia,2006,14,5684.02285577118,6.77940534221133,4.1879926412783,5.41212839028201,0.786495653243831,6.19432255067672,NA,60.4,16.0218611883369,4.29245011787705
Colombia,2007,31,5998.78814293754,6.8486547845695,4.31962624360983,5.53772029341457,0.621659572482282,6.73933016900199,NA,59.9,16.1911398499998,5.54514128187459
Colombia,2008,34,6121.74515048081,3.25704846539303,4.37057176891023,2.04969744910947,1.27636920015873,4.17906873409831,NA,62.2,15.4044634404696,6.99855040288351
Colombia,2009,22,6126.99551489325,1.20542209549299,3.45589485343242,0.0857658116008224,1.50741777474947,1.56696371227345,NA,62.3,14.7748422190295,4.2010447688327
Colombia,2010,39,6326.54946861963,4.34755326848266,2.24743409863955,3.25696262126047,1.91631907089728,5.15959794660266,NA,65.5,13.9893257100015,2.27118326422564
Colombia,2011,42,6726.83468623466,7.36253091447171,4.37938891639192,6.32707006560985,2.51748356442602,6.57006792034711,NA,68.0,13.2366820815098,3.41758959146978
Colombia,2012,35,6926.62519869364,3.90305421927597,4.05855480044245,2.97005236159309,-0.163584440071189,5.21128969311148,NA,68.0,13.1016827807294,3.16732560328694
Colombia,2013,26,7177.46579753109,4.56686977279675,4.24504522947294,3.62139702440898,2.00386276307815,4.82584938574948,NA,69.6,12.6701074353544,2.01809847891195
Colombia,2014,30,7441.31033370509,4.72831224597601,4.24250654263701,3.67601244808095,1.02304565901092,4.63385579359958,NA,70.7,12.2693186420816,2.89781874427855
Colombia,2015,24,7572.36550490706,2.95594590662741,3.99477553061049,1.76118405663533,1.4371375600974,3.40463428982096,NA,71.7,12.4008937581087,4.99023427513779
Colombia,2016,21,7626.00294628467,2.08738250162794,4.89624405592123,0.708331383936113,1.5972250551051,1.62637775831429,NA,70.8,12.297778837716,7.51429322788323
Colombia,2017,16,7613.72657656518,1.35132667631581,4.43782731692061,-0.160980395706162,1.18334954881877,2.35956194455741,NA,69.7,11.4158536134772,4.3121410323773
Colombia,2018,33,7691.74556389965,2.56922098807335,3.48443528450487,1.02471485612077,1.54851640407705,3.9557887559311,NA,68.9,11.215355476899,3.24023413752975
Paraguay,2000,2,3570.35203561891,-2.31414056819048,1.21729436901028,-4.27497756307527,0.111792340011148,-1.85079089416793,NA,64.0,15.6778275044955,8.98215976750022
Paraguay,2001,1,3471.93110517993,-0.834054716746095,1.16763488895181,-2.75661697942127,0.347230133307241,3.19354164135603,NA,60.3,16.2068181252178,7.26806028584821
Paraguay,2002,1,3406.23262609334,-0.0214043949985694,1.25620797120523,-1.89227484924943,1.17422094653587,-2.65335100469218,NA,59.6,16.3934935668139,10.5102420856612
Paraguay,2003,-2,3489.68104109831,4.32074548551591,-0.750191694990596,2.44987422073626,-1.0739312652725,6.2109792997433,NA,58.2,17.5145642129531,14.2367970499143
Paraguay,2004,2,3569.44743813352,4.05741836363771,0.976461922292792,2.28577901807645,0.688871188755063,4.82003594810206,NA,56.7,17.9348637783179,4.32326492967491
Paraguay,2005,0,3587.04538683713,2.13349066459601,0.067986029076693,0.493016048243362,-0.262630961638732,2.19888144589994,NA,53.4,17.9590523871282,6.80738203116371
Paraguay,2006,1,3702.82291801666,4.80711719268376,1.39842122336644,3.22765726924936,0.548050064109533,4.06821456009358,NA,55.6,18.3216271525742,9.5893494112923
Paraguay,2007,2,3848.11898316972,5.42162287218237,0.588028727263447,3.9239269165724,-0.544906620597461,4.61980103963582,NA,58.3,18.1933950444455,8.13047417698579
Paraguay,2008,6,4037.05313652334,6.35912079325512,1.37462392042056,4.90977940598893,0.305215204152861,6.7919319585054,NA,60.0,20.3671200768916,10.1547846489023
Paraguay,2009,-1,3972.63027398075,-0.257971433685171,0.12046054835657,-1.59578931373859,-0.198784746167725,1.70859336152643,NA,61.0,19.8052782587388,2.5919467343056
Paraguay,2010,2,4355.93493867734,11.1437357938518,2.04124280067875,9.64863675351553,0.343838579922952,8.73864481598365,NA,61.3,18.5664734518646,4.6511627906976996
Paraguay,2011,2,4479.3989342399,4.24911104462905,1.37620281479983,2.83438566692755,-0.347756711573103,5.27536830625796,NA,62.3,18.4160242404066,8.25396825396825
Paraguay,2012,4,4394.54388141372,-0.538512942503061,2.18471591917756,-1.89434015750554,0.0903247701668928,3.22439058879039,NA,61.8,18.5153261168878,3.6759189797449
Paraguay,2013,4,4699.49371391186,8.41749528470305,0.810067192091113,6.93928290915227,0.174211342375762,4.01285524451058,NA,61.1,18.2766233884472,2.68385738718593
Paraguay,2014,2,4861.28709880236,4.86089037055322,1.36478978035673,3.44278330262561,0.342129749774595,6.19606372483752,NA,62.0,18.8147575547989,5.02882767456758
Paraguay,2015,1,4944.19164107741,3.08037400793089,1.32858146325759,1.7054031286379,0.476548597355561,3.7976798661719,NA,61.1,19.4419248607494,3.12900274473924
Paraguay,2016,2,5089.61202008711,4.31290497002365,1.36672397795565,2.94123669886739,0.18701815545128,3.23478384045168,NA,61.5,19.0798869205601,4.08682280577242
Paraguay,2017,3,5272.57579010939,4.95805142159847,1.54662286580132,3.59484709836791,0.197761341242049,4.18969797550636,NA,62.4,19.4468999829635,3.60247741348942
Paraguay,2018,1,5396.48081204328,3.67662323135605,0.955420153946894,2.34999034373892,-0.232437713570048,4.17077999388273,NA,62.1,19.5653506001843,3.97561015740689
Peru,2000,9,3242.57915732832,2.69437139806912,1.56479019339424,1.21313585431875,0,2.6103623475007,15.5135560182519,68.7,15.2145262038719,3.75733833344472
Peru,2001,7,3221.30254730122,0.617892325624297,2.19922450158059,-0.656163165022917,0.142993989930257,0.731757938743442,14.7446679121445,69.6,15.5812564716453,1.97709878502054
Peru,2002,1,3359.16268724949,5.45352893818767,3.93562084538868,4.2796396154646,0,4.14731351806392,13.7909917951539,64.8,15.4989075774167,0.193135003853741
Peru,2003,5,3464.39687811052,4.16502313666112,2.27308642513175,3.13275064826341,0.102160646383181,2.71148693715591,13.9191629513989,64.6,15.3985817546504,2.25937753363073
Peru,2004,16,3602.99972514727,4.95820320611745,2.39489207548148,4.00077854568278,0,3.49841231405914,13.9127382806502,64.7,16.3726500976156,3.66247320092233
Peru,2005,6,3796.20339984392,6.28506032509601,3.39034816926813,5.36230056716857,0,4.44998617521321,14.047912454287,61.3,16.5516113723285,1.61630193862543
Peru,2006,10,4047.7480360416,7.5288990440594,3.91065680458788,6.62621597694209,0,6.4219062600223,14.6408011823434,60.5,16.4721932263299,2.00225801248819
Peru,2007,31,4356.73896501969,8.5183877690955,5.37428655925626,7.63365027236871,0.0641835590356999,7.9827028681859,16.4091800571173,62.7,16.5180344893382,1.77998644680372
Peru,2008,32,4716.1972623181,9.1265683014642,5.74335697642786,8.25062736566287,0.6103657975377,8.29759900770799,18.8960617375304,63.8,16.2965420065264,5.78587598206755
Peru,2009,23,4729.73597651642,1.0958236592427,5.32237544034606,0.287068446150258,0.339929521545956,4.36207157495161,16.4544997430916,64.6,15.2930541321031,2.93623153596701
Peru,2010,28,5082.35475666351,8.33245910749577,5.73082661489074,7.45535864787972,0.295718597050296,8.30031159974132,17.6755825559522,67.6,15.5564992898,1.52832059732903
Peru,2011,26,5360.2266324006,6.32719240161117,4.47262658184166,5.4673844908754,0.199458596195134,7.22842294218131,18.6295711437927,68.6,15.0914598699078,3.36931095333853
Peru,2012,17,5642.57811515525,6.13972470560435,7.07114242412465,5.26752882141093,0.911467060725145,7.55927569738597,19.7468762976477,68.7,15.164396582771,3.65570906781008
Peru,2013,21,5919.20956823756,5.85251821084928,4.8842945848551,4.90257197041394,0.24471775499921,6.0015940655575,19.6174819153868,68.2,14.831406515612,2.80671650937615
Peru,2014,16,5996.49696468919,2.38215737180541,1.95724657032336,1.30570468169185,0.551215066575321,4.56916354852464,18.8610994647753,67.4,13.9596976357841,3.24496304244158
Peru,2015,17,6114.22721428779,3.25224477218451,4.38026059211907,1.9633170881576,0.0996175944947251,4.63731765385302,17.6616767259636,67.7,13.7880201715375,3.54928804947929
Peru,2016,9,6262.36890465447,3.95331871520767,3.51182610944865,2.42290129520384,0.60239001146661,3.96998030430925,16.1891586430085,67.4,13.3440281131691,3.59211324147449
Peru,2017,20,6314.29143772856,2.51883544233135,3.25130733746818,0.829119680820753,0.236991634985509,2.74240303098119,15.8083922853418,68.9,12.9708469176106,2.80283916977831
Peru,2018,21,6453.56052508568,3.97693571755005,2.92188842040055,2.20561703131051,0.0086293626100639,3.53512968642755,16.0295050652737,68.7,12.9401882503189,1.31764765937395
Uruguay,2000,1,9001.7500477883,-1.92993063972195,1.15156664010556,-2.27627549762025,-0.0218356225915726,-2.34948940987822,10.6604824349551,69.3,12.5186630960032,4.76382472733248
Uruguay,2001,1,8640.77851986829,-3.84412996680351,1.48526757627519,-4.01001500823385,0.0946065077431113,-3.8891374129213,10.197894190295,70.7,12.674394351029,4.35934065217274
Uruguay,2002,2,7971.3137761405,-7.73200721167176,1.32181133417201,-7.74773641273698,-0.00114427793448607,-8.88660126260746,9.42178534555008,68.7,13.0801299139821,13.9724725913516
Uruguay,2003,2,8041.24017800451,0.805283917375888,3.34326500752044,0.877225559396706,0.0115093736971326,-3.12301711083784,9.27798711776136,69.8,14.8709094403736,19.3797301743994
Uruguay,2004,1,8449.20908935891,5.00416036509026,2.57711736584849,5.07345760508846,0.278091017047994,2.9460520393862,11.1071440494473,66.7,14.902608425443301,9.15760507540996
Uruguay,2005,2,9078.63745609633,7.46013211187753,4.76089085852439,7.44955368106734,0.0891913012979002,5.24059739506659,13.1702921733921,66.9,14.8524671078795,4.6992773903564
Uruguay,2006,0,9440.50698017137,4.09857734684471,7.70373863902151,3.9859453120032,0.0706216275738276,5.85704153906865,14.5625766067689,65.3,14.5433907697238,6.39764974385121
Uruguay,2007,7,10038.8950929108,6.5415108494737,5.80394391549488,6.33851671309895,0.506868273133895,6.77269556196222,14.3836351019521,68.4,13.7351440754306,8.11464561179318
Uruguay,2008,5,10732.011276611,7.17614466103376,7.05379143851894,6.90430746895328,0.083542753289926,9.12164662394908,15.709182650041,67.9,14.9468828395667,7.87707374730889
Uruguay,2009,3,11155.8452473939,4.24349419543073,5.061736216851,3.94925014388133,0.285557151363051,2.66563547096685,13.6945935363532,69.1,14.818600707258,7.06221874388572
Uruguay,2010,6,11992.0166266335,7.80340965525524,5.4389876115696,7.49536552987674,-0.391500368914053,8.57137396324248,14.6396406212905,69.8,13.5283236155428,6.69870886978135
Uruguay,2011,6,12574.9035699536,5.1621330218269,5.60875183951133,4.8606248762658,0.373616402722478,6.71768019211126,15.4974761266667,70.0,12.7334043113447,8.09283206302989
Uruguay,2012,11,12981.1401128346,3.53817872240019,11.7896717689344,3.23053406033031,7.54628673866465,5.05531928759595,18.3126363334581,69.9,12.1731568256382,8.09776580573602
Uruguay,2013,9,13541.207109277,4.63753862983931,1.3172301606358,4.314466923353,-3.53541254666253,5.45344555789575,17.6302522511657,69.7,11.2662277822177,8.57513504005394
Uruguay,2014,9,13934.576170547,3.23879122851962,6.69239135036418,2.90497780659831,2.30375618513085,2.90762944737966,16.5661922497273,69.3,12.1433021774416,8.87735333229828
Uruguay,2015,3,13938.7900689227,0.370741256342626,4.54334479040529,0.0302405923519444,3.01334919365044,-0.164814524423491,15.2235124065732,68.6,13.2426613300655,8.66626987079337
Uruguay,2016,5,14124.1438576163,1.68979816160051,-0.397247959559126,1.32976956950385,1.71853723836198,0.437529938582131,14.2258155711005,68.8,12.8180677589399,9.63941347635073
Uruguay,2017,5,14437.3846912687,2.59133869196179,4.69580173932532,2.21776864360908,8.65376586110749,3.93824330907182,12.6219330486019,69.7,11.7037756625666,6.21809382561863
Uruguay,2018,12,14617.464002064,1.62008362892931,1.96643552435059,1.24731254757138,3.82560426490894,1.42333740609166,12.5014885218141,69.2,11.652010020131,7.60653360377044
Mexico,2000,59,9253.96804618644,4.94245371467422,2.59670994264157,3.44098587862088,0,6.44575934515865,18.5499038183167,59.3,18.9878518498964,9.49156149435404
Mexico,2001,43,9088.05331877876,-0.404390126692846,3.97248183338379,-1.7929036125865,0.581990264461585,1.64359988063912,16.9750791877104,60.6,18.0518957738262,6.36773806235032
Mexico,2002,36,8960.55408647201,-0.0398444814685348,3.11551958010871,-1.40293226540929,0.11537205562636,1.48093424565224,15.624933817373,63.0,17.2675847902619,5.03072733151299
Mexico,2003,34,8967.02919031783,1.44638268370363,2.49864343929278,0.07226231529134,0.17186364015909,1.85776295696147,15.6324302769664,65.3,16.6089869782365,4.54690012118717
Mexico,2004,29,9190.74159228825,3.92059081028791,3.18521616377124,2.49483298450697,0.566565630543216,6.68383315578622,16.2333302019201,66.0,16.6589751162367,4.68840884843147
Mexico,2005,27,9270.65654228665,2.30780706591736,2.96511280795953,0.869515796913007,0.737797296752144,3.86301143366691,16.2124138385097,65.2,15.7266043383479,3.98805714597435
Mexico,2006,70,9547.33357068323,4.49507789421408,2.1322824622884,2.98443834192925,0.547210177010372,0,16.9699272821348,64.7,16.6599614768607,3.62946762439129
Mexico,2007,76,9622.04795699136,2.29144571429802,3.1424694558042,0.782568093541329,0.979121210125968,2.41090799397095,17.3395821152186,66.0,15.9208624812093,3.96684905458234
Mexico,2008,49,9587.63633933012,1.14358458719398,2.90835311265937,-0.357632988476567,0.287732304828314,1.0246099772591,17.5757831234895,66.2,15.8421985501957,5.12498274575897
Mexico,2009,29,8947.74147387305,-5.28574413681748,2.1282454983163,-6.67416705024689,1.24036038894548,-4.91535650271959,16.1646633819436,65.8,15.0962102628175,5.29735584228859
Mexico,2010,57,9271.39823324639,5.11811814321162,1.96598663216022,3.61718943622142,0.759836595828918,3.38570933349136,15.9721175131277,68.3,15.5616793495315,4.15672722680176
Mexico,2011,36,9477.88718509023,3.66300792950094,2.09094538393794,2.22716085156813,1.05098745879894,3.30975118161652,17.1394884531069,67.8,15.351284303746,3.40737824605736
Mexico,2012,37,9690.86906453233,3.64232267941347,1.4612220990711,2.24714512087824,1.55631155692579,2.4982396104807,18.268557598706,65.3,16.3467248038826,4.11150981070293
Mexico,2013,34,9693.72296894468,1.35409196151679,3.69383977625564,0.0294494166966928,1.1266567141516,1.56633760859258,16.8435700582786,67.0,15.831823954908,3.80639069747207
Mexico,2014,33,9839.050190896,2.80434012838097,2.31233339177378,1.49918893305392,0.522904306776606,2.17954113389669,16.8788932860288,66.8,15.8991770877474,4.01861608078673
Mexico,2015,40,10037.2014904097,3.28799159933094,3.04578248770259,2.0139271135847,0.936663386057004,2.58877406412559,18.8794317405478,66.4,17.1411607594018,2.7206406496403
Mexico,2016,40,10205.7957531933,2.91054645900421,3.49611511581774,1.67969391612471,0.665836439267584,3.56940692509313,19.3848758066574,65.2,16.9750518529559,2.82170784747653
Mexico,2017,47,10301.357884657,2.11808234719885,2.84847053749375,0.936351596433013,0.235977062961499,2.81277710316907,19.0505896021585,63.6,17.2587936487827,6.04145724018992
Mexico,2018,46,10403.540397147,2.13595812119722,3.16575262740965,0.991932458168463,0.951143322307711,2.41154924543663,18.9984022736387,64.8,17.3223648103972,4.89935015356549
Russian Federation,2000,51,6491.08604208632,10.0000668157438,1.03116111575235,10.4636649566001,1.22399147492262,5.5998875101065,15.1197793410831,51.8,NA,20.7987606558703
Russian Federation,2001,20,6851.13236335551,5.10005122514623,0.928663004211825,5.54678090745912,0.828774572480039,6.79993342210388,16.7882547825578,49.8,NA,21.4770072117159
Russian Federation,2002,49,7206.21187726717,4.69999190886617,1.00553594478556,5.1827857802142,1.02256200083099,7.00003428639111,15.4651705830756,48.7,15.1934447901759,15.7887307914462
Russian Federation,2003,29,7767.4244273894,7.2999523445574,1.84237738388135,7.78789965769219,2.25955626154746,6.09988784828931,15.954177032379,50.8,14.3673346861413,13.6632930228667
Russian Federation,2004,48,8360.26685352336,7.19994786981057,2.60618528059526,7.63241962217791,2.33191722262168,9.39995881666553,16.1048291670567,52.8,15.2165071846405,10.8886157326216
Russian Federation,2005,68,8929.31915918756,6.39996544796635,2.02980402372802,6.80662849206082,2.34021592094742,9.09998945947166,14.0236547291572,51.3,15.6802236672942,12.6853039507349
Russian Federation,2006,109,9693.20523021194,8.20006825495356,3.79771796044009,8.5548075660211,3.02982368146351,9.50009431314724,14.8087512682035,52.4,15.2912276564068,9.66865454789265
Russian Federation,2007,145,10535.1277226814,8.4999777684714,4.29894838602817,8.68569758376066,3.44702787450358,11.1999260536825,16.5938488753528,52.2,15.1146322629236,9.00729868861076
Russian Federation,2008,224,11087.8222958404,5.19996926508021,4.50269877799769,5.24620666884826,3.35146046104868,8.60003589409352,20.1810192979156,49.8,14.9331548589743,14.1107677840442
Russian Federation,2009,225,10219.8947422279,-7.79999391345694,2.99212947973039,-7.82775490492955,3.53991104608579,-3.89991963232657,21.7765593885868,50.8,12.897971424446,11.6473295764118
Russian Federation,2010,365,10674.9972024184,4.50000000001451,2.83082730005737,4.45310320379377,3.45043394733733,3.4999339293569,19.8389261763308,50.3,12.8154704732836,6.8493923025503
Russian Federation,2011,229,11125.3477045495,4.30002918578838,2.68483001555517,4.21874117240107,3.25837290598995,5.2999961523259,18.605131610467,50.5,11.5766719276768,8.44046485932559
Russian Federation,2012,176,11517.5913066266,3.7000570551393,2.28876372872774,3.52567499455975,2.20890242669763,6.49994685074024,18.9907329335491,50.5,11.7990325219946,5.0747430079915
Russian Federation,2013,125,11699.9694301747,1.800000140189,3.01327957445415,1.58347451904446,3.76585582210152,4.10000113066997,20.0891692989382,51.1,11.3209329460037,6.75371026220953
Russian Federation,2014,136,11573.4966152019,0.699973678046774,1.06949074873957,-1.08096705489345,2.77100092086486,0.899999652435753,NA,51.9,11.4757935133541,7.82341183865503
Russian Federation,2015,135,11282.0580982509,-2.30770688863852,0.502566610195209,-2.51815442334114,1.61962167729085,-7.89075143650429,NA,52.1,12.4776505521481,15.5344050528404
Russian Federation,2016,101,11298.4837368416,0.32928065807927,2.53670337619609,0.145590799547634,1.73960509570249,-1.04245081524587,NA,50.6,12.0106688927282,7.04244762954798
Russian Federation,2017,82,11469.6743381277,1.63018573156532,1.80900828214657,1.51516438199477,2.32842137134936,3.09758298609867,NA,57.1,12.2176244264015,3.68332944412231
Russian Federation,2018,50,11729.0891004034,2.25480434572114,0.529988559659577,2.26174479438679,1.89296202414514,1.79092262139879,NA,58.2,12.3065855664739,2.87829723647886
